Label,Filename
yud,train_0.jpg
yud,train_1.jpg
daleth,train_2.jpg
shin,train_3.jpg
samech,train_4.jpg
zayin,train_5.jpg
mem,train_6.jpg
daleth,train_7.jpg
beth,train_8.jpg
aleph,train_9.jpg
lamed,train_10.jpg
tav,train_11.jpg
nun_sofit,train_12.jpg
tav,train_13.jpg
mem,train_14.jpg
nun_sofit,train_15.jpg
nun,train_16.jpg
resh,train_17.jpg
mem_sofit,train_18.jpg
resh,train_19.jpg
yud,train_20.jpg
tav,train_21.jpg
vav,train_22.jpg
zayin,train_23.jpg
tav,train_24.jpg
chaf,train_25.jpg
hey,train_26.jpg
gimel,train_27.jpg
shin,train_28.jpg
yud,train_29.jpg
vav,train_30.jpg
vav,train_31.jpg
hey,train_32.jpg
daleth,train_33.jpg
chaf,train_34.jpg
daleth,train_35.jpg
resh,train_36.jpg
tav,train_37.jpg
lamed,train_38.jpg
beth,train_39.jpg
beth,train_40.jpg
beth,train_41.jpg
yud,train_42.jpg
pas,train_43.jpg
resh,train_44.jpg
vav,train_45.jpg
lamed,train_46.jpg
resh,train_47.jpg
hey,train_48.jpg
mem,train_49.jpg
lamed,train_50.jpg
nun_sofit,train_51.jpg
mem,train_52.jpg
lamed,train_53.jpg
tav,train_54.jpg
beth,train_55.jpg
beth,train_56.jpg
mem,train_57.jpg
vav,train_58.jpg
yud,train_59.jpg
aleph,train_60.jpg
aleph,train_61.jpg
tav,train_62.jpg
aleph,train_63.jpg
vav,train_64.jpg
zayin,train_65.jpg
yud,train_66.jpg
beth,train_67.jpg
quf,train_68.jpg
hey,train_69.jpg
aleph,train_70.jpg
mem,train_71.jpg
lamed,train_72.jpg
tav,train_73.jpg
lamed,train_74.jpg
mem,train_75.jpg
shin,train_76.jpg
mem,train_77.jpg
lamed,train_78.jpg
mem,train_79.jpg
samech,train_80.jpg
chaf,train_81.jpg
zayin,train_82.jpg
chaf,train_83.jpg
yud,train_84.jpg
aleph,train_85.jpg
vav,train_86.jpg
quf,train_87.jpg
beth,train_88.jpg
yud,train_89.jpg
tav,train_90.jpg
lamed,train_91.jpg
beth,train_92.jpg
ayin,train_93.jpg
aleph,train_94.jpg
mem,train_95.jpg
zayin,train_96.jpg
mem,train_97.jpg
aleph,train_98.jpg
ayin,train_99.jpg
mem,train_100.jpg
vav,train_101.jpg
hey,train_102.jpg
resh,train_103.jpg
aleph,train_104.jpg
lamed,train_105.jpg
tav,train_106.jpg
lamed,train_107.jpg
aleph,train_108.jpg
chaf,train_109.jpg
yud,train_110.jpg
mem,train_111.jpg
resh,train_112.jpg
beth,train_113.jpg
vav,train_114.jpg
lamed,train_115.jpg
lamed,train_116.jpg
aleph,train_117.jpg
resh,train_118.jpg
samech,train_119.jpg
pas,train_120.jpg
hey,train_121.jpg
hey,train_122.jpg
shin,train_123.jpg
aleph,train_124.jpg
resh,train_125.jpg
vav,train_126.jpg
ayin,train_127.jpg
mem,train_128.jpg
yud,train_129.jpg
lamed,train_130.jpg
hey,train_131.jpg
shin,train_132.jpg
chaf,train_133.jpg
hey,train_134.jpg
vav,train_135.jpg
chaf,train_136.jpg
aleph,train_137.jpg
aleph,train_138.jpg
shin,train_139.jpg
ayin,train_140.jpg
mem,train_141.jpg
nun_sofit,train_142.jpg
vav,train_143.jpg
hey,train_144.jpg
ayin,train_145.jpg
pe,train_146.jpg
vav,train_147.jpg
zayin,train_148.jpg
lamed,train_149.jpg
shin,train_150.jpg
aleph,train_151.jpg
beth,train_152.jpg
lamed,train_153.jpg
mem,train_154.jpg
yud,train_155.jpg
resh,train_156.jpg
tav,train_157.jpg
nun_sofit,train_158.jpg
vav,train_159.jpg
quf,train_160.jpg
hey,train_161.jpg
beth,train_162.jpg
daleth,train_163.jpg
nun_sofit,train_164.jpg
resh,train_165.jpg
mem,train_166.jpg
yud,train_167.jpg
ayin,train_168.jpg
lamed,train_169.jpg
daleth,train_170.jpg
aleph,train_171.jpg
vav,train_172.jpg
aleph,train_173.jpg
ayin,train_174.jpg
aleph,train_175.jpg
tet,train_176.jpg
pe,train_177.jpg
mem_sofit,train_178.jpg
tet,train_179.jpg
daleth,train_180.jpg
yud,train_181.jpg
samech,train_182.jpg
mem,train_183.jpg
aleph,train_184.jpg
yud,train_185.jpg
yud,train_186.jpg
tav,train_187.jpg
quf,train_188.jpg
beth,train_189.jpg
ayin,train_190.jpg
lamed,train_191.jpg
lamed,train_192.jpg
samech,train_193.jpg
vav,train_194.jpg
pe,train_195.jpg
daleth,train_196.jpg
hey,train_197.jpg
resh,train_198.jpg
samech,train_199.jpg
resh,train_200.jpg
vav,train_201.jpg
vav,train_202.jpg
resh,train_203.jpg
hey,train_204.jpg
mem,train_205.jpg
resh,train_206.jpg
shin,train_207.jpg
samech,train_208.jpg
aleph,train_209.jpg
aleph,train_210.jpg
resh,train_211.jpg
aleph,train_212.jpg
vav,train_213.jpg
chaf,train_214.jpg
resh,train_215.jpg
shin,train_216.jpg
aleph,train_217.jpg
tet,train_218.jpg
ayin,train_219.jpg
resh,train_220.jpg
mem,train_221.jpg
daleth,train_222.jpg
beth,train_223.jpg
quf,train_224.jpg
yud,train_225.jpg
vav,train_226.jpg
aleph,train_227.jpg
samech,train_228.jpg
resh,train_229.jpg
beth,train_230.jpg
nun,train_231.jpg
hey,train_232.jpg
yud,train_233.jpg
aleph,train_234.jpg
vav,train_235.jpg
yud,train_236.jpg
aleph,train_237.jpg
vav,train_238.jpg
aleph,train_239.jpg
shin,train_240.jpg
vav,train_241.jpg
resh,train_242.jpg
samech,train_243.jpg
hey,train_244.jpg
aleph,train_245.jpg
beth,train_246.jpg
pas,train_247.jpg
vav,train_248.jpg
pe,train_249.jpg
zayin,train_250.jpg
nun,train_251.jpg
daleth,train_252.jpg
resh,train_253.jpg
hey,train_254.jpg
chet,train_255.jpg
tet,train_256.jpg
aleph,train_257.jpg
pas,train_258.jpg
vav,train_259.jpg
hey,train_260.jpg
zayin,train_261.jpg
aleph,train_262.jpg
beth,train_263.jpg
beth,train_264.jpg
daleth,train_265.jpg
vav,train_266.jpg
yud,train_267.jpg
resh,train_268.jpg
nun,train_269.jpg
ayin,train_270.jpg
resh,train_271.jpg
pe,train_272.jpg
ayin,train_273.jpg
nun_sofit,train_274.jpg
beth,train_275.jpg
tav,train_276.jpg
daleth,train_277.jpg
chet,train_278.jpg
beth,train_279.jpg
tav,train_280.jpg
vav,train_281.jpg
beth,train_282.jpg
nun_sofit,train_283.jpg
vav,train_284.jpg
shin,train_285.jpg
yud,train_286.jpg
lamed,train_287.jpg
ayin,train_288.jpg
lamed,train_289.jpg
aleph,train_290.jpg
aleph,train_291.jpg
chaf,train_292.jpg
yud,train_293.jpg
aleph,train_294.jpg
daleth,train_295.jpg
resh,train_296.jpg
beth,train_297.jpg
beth,train_298.jpg
mem,train_299.jpg
daleth,train_300.jpg
quf,train_301.jpg
resh,train_302.jpg
mem_sofit,train_303.jpg
vav,train_304.jpg
vav,train_305.jpg
resh,train_306.jpg
mem,train_307.jpg
samech,train_308.jpg
zayin,train_309.jpg
nun_sofit,train_310.jpg
pe_sofit,train_311.jpg
quf,train_312.jpg
vav,train_313.jpg
resh,train_314.jpg
hey,train_315.jpg
mem,train_316.jpg
resh,train_317.jpg
tav,train_318.jpg
hey,train_319.jpg
chaf,train_320.jpg
resh,train_321.jpg
resh,train_322.jpg
yud,train_323.jpg
yud,train_324.jpg
yud,train_325.jpg
lamed,train_326.jpg
tav,train_327.jpg
yud,train_328.jpg
shin,train_329.jpg
zayin,train_330.jpg
yud,train_331.jpg
daleth,train_332.jpg
lamed,train_333.jpg
pas,train_334.jpg
vav,train_335.jpg
tav,train_336.jpg
lamed,train_337.jpg
vav,train_338.jpg
mem,train_339.jpg
pas,train_340.jpg
ayin,train_341.jpg
shin,train_342.jpg
hey,train_343.jpg
gimel,train_344.jpg
tav,train_345.jpg
aleph,train_346.jpg
pe,train_347.jpg
resh,train_348.jpg
samech,train_349.jpg
beth,train_350.jpg
aleph,train_351.jpg
beth,train_352.jpg
lamed,train_353.jpg
aleph,train_354.jpg
resh,train_355.jpg
lamed,train_356.jpg
quf,train_357.jpg
quf,train_358.jpg
aleph,train_359.jpg
mem_sofit,train_360.jpg
daleth,train_361.jpg
chaf,train_362.jpg
resh,train_363.jpg
tzadi,train_364.jpg
pe,train_365.jpg
shin,train_366.jpg
resh,train_367.jpg
lamed,train_368.jpg
shin,train_369.jpg
tav,train_370.jpg
ayin,train_371.jpg
zayin,train_372.jpg
chet,train_373.jpg
mem,train_374.jpg
ayin,train_375.jpg
hey,train_376.jpg
resh,train_377.jpg
vav,train_378.jpg
yud,train_379.jpg
beth,train_380.jpg
beth,train_381.jpg
mem,train_382.jpg
ayin,train_383.jpg
beth,train_384.jpg
beth,train_385.jpg
chaf,train_386.jpg
vav,train_387.jpg
yud,train_388.jpg
beth,train_389.jpg
yud,train_390.jpg
lamed,train_391.jpg
resh,train_392.jpg
yud,train_393.jpg
samech,train_394.jpg
aleph,train_395.jpg
chet,train_396.jpg
chaf,train_397.jpg
resh,train_398.jpg
chaf,train_399.jpg
zayin,train_400.jpg
yud,train_401.jpg
shin,train_402.jpg
hey,train_403.jpg
samech,train_404.jpg
beth,train_405.jpg
daleth,train_406.jpg
samech,train_407.jpg
mem_sofit,train_408.jpg
chaf,train_409.jpg
lamed,train_410.jpg
shin,train_411.jpg
beth,train_412.jpg
pe_sofit,train_413.jpg
tav,train_414.jpg
pas,train_415.jpg
mem,train_416.jpg
nun_sofit,train_417.jpg
mem,train_418.jpg
shin,train_419.jpg
beth,train_420.jpg
aleph,train_421.jpg
quf,train_422.jpg
mem,train_423.jpg
beth,train_424.jpg
vav,train_425.jpg
ayin,train_426.jpg
lamed,train_427.jpg
mem,train_428.jpg
mem_sofit,train_429.jpg
nun,train_430.jpg
mem_sofit,train_431.jpg
daleth,train_432.jpg
chaf,train_433.jpg
aleph,train_434.jpg
aleph,train_435.jpg
pe,train_436.jpg
aleph,train_437.jpg
ayin,train_438.jpg
lamed,train_439.jpg
chet,train_440.jpg
hey,train_441.jpg
tav,train_442.jpg
nun,train_443.jpg
samech,train_444.jpg
mem,train_445.jpg
yud,train_446.jpg
lamed,train_447.jpg
hey,train_448.jpg
lamed,train_449.jpg
lamed,train_450.jpg
yud,train_451.jpg
zayin,train_452.jpg
vav,train_453.jpg
yud,train_454.jpg
tav,train_455.jpg
mem,train_456.jpg
beth,train_457.jpg
pe_sofit,train_458.jpg
resh,train_459.jpg
quf,train_460.jpg
gimel,train_461.jpg
beth,train_462.jpg
zayin,train_463.jpg
resh,train_464.jpg
tav,train_465.jpg
vav,train_466.jpg
pe,train_467.jpg
hey,train_468.jpg
lamed,train_469.jpg
ayin,train_470.jpg
hey,train_471.jpg
shin,train_472.jpg
tzadi,train_473.jpg
yud,train_474.jpg
lamed,train_475.jpg
vav,train_476.jpg
quf,train_477.jpg
lamed,train_478.jpg
vav,train_479.jpg
aleph,train_480.jpg
mem,train_481.jpg
chaf,train_482.jpg
beth,train_483.jpg
hey,train_484.jpg
tav,train_485.jpg
hey,train_486.jpg
gimel,train_487.jpg
mem,train_488.jpg
lamed,train_489.jpg
mem,train_490.jpg
resh,train_491.jpg
aleph,train_492.jpg
beth,train_493.jpg
yud,train_494.jpg
chaf,train_495.jpg
hey,train_496.jpg
ayin,train_497.jpg
shin,train_498.jpg
lamed,train_499.jpg
pe,train_500.jpg
tet,train_501.jpg
yud,train_502.jpg
mem,train_503.jpg
daleth,train_504.jpg
vav,train_505.jpg
beth,train_506.jpg
aleph,train_507.jpg
aleph,train_508.jpg
samech,train_509.jpg
pe,train_510.jpg
vav,train_511.jpg
aleph,train_512.jpg
vav,train_513.jpg
aleph,train_514.jpg
resh,train_515.jpg
quf,train_516.jpg
vav,train_517.jpg
aleph,train_518.jpg
samech,train_519.jpg
resh,train_520.jpg
chaf,train_521.jpg
vav,train_522.jpg
mem,train_523.jpg
vav,train_524.jpg
chaf,train_525.jpg
vav,train_526.jpg
pe,train_527.jpg
yud,train_528.jpg
hey,train_529.jpg
beth,train_530.jpg
pe,train_531.jpg
hey,train_532.jpg
ayin,train_533.jpg
samech,train_534.jpg
nun_sofit,train_535.jpg
tzadi,train_536.jpg
daleth,train_537.jpg
lamed,train_538.jpg
hey,train_539.jpg
samech,train_540.jpg
yud,train_541.jpg
chet,train_542.jpg
vav,train_543.jpg
daleth,train_544.jpg
ayin,train_545.jpg
yud,train_546.jpg
ayin,train_547.jpg
yud,train_548.jpg
vav,train_549.jpg
nun,train_550.jpg
nun,train_551.jpg
lamed,train_552.jpg
chaf,train_553.jpg
resh,train_554.jpg
ayin,train_555.jpg
nun_sofit,train_556.jpg
quf,train_557.jpg
shin,train_558.jpg
mem,train_559.jpg
aleph,train_560.jpg
shin,train_561.jpg
resh,train_562.jpg
aleph,train_563.jpg
yud,train_564.jpg
ayin,train_565.jpg
nun,train_566.jpg
yud,train_567.jpg
resh,train_568.jpg
mem,train_569.jpg
chaf,train_570.jpg
mem_sofit,train_571.jpg
mem,train_572.jpg
aleph,train_573.jpg
vav,train_574.jpg
samech,train_575.jpg
chaf,train_576.jpg
yud,train_577.jpg
nun_sofit,train_578.jpg
beth,train_579.jpg
resh,train_580.jpg
quf,train_581.jpg
resh,train_582.jpg
yud,train_583.jpg
mem,train_584.jpg
resh,train_585.jpg
daleth,train_586.jpg
beth,train_587.jpg
mem,train_588.jpg
shin,train_589.jpg
aleph,train_590.jpg
aleph,train_591.jpg
yud,train_592.jpg
resh,train_593.jpg
vav,train_594.jpg
nun,train_595.jpg
mem,train_596.jpg
yud,train_597.jpg
vav,train_598.jpg
daleth,train_599.jpg
daleth,train_600.jpg
daleth,train_601.jpg
shin,train_602.jpg
mem,train_603.jpg
yud,train_604.jpg
aleph,train_605.jpg
tav,train_606.jpg
resh,train_607.jpg
daleth,train_608.jpg
tav,train_609.jpg
lamed,train_610.jpg
vav,train_611.jpg
beth,train_612.jpg
shin,train_613.jpg
samech,train_614.jpg
shin,train_615.jpg
pas,train_616.jpg
mem,train_617.jpg
aleph,train_618.jpg
hey,train_619.jpg
nun_sofit,train_620.jpg
nun,train_621.jpg
resh,train_622.jpg
shin,train_623.jpg
quf,train_624.jpg
vav,train_625.jpg
shin,train_626.jpg
lamed,train_627.jpg
mem,train_628.jpg
yud,train_629.jpg
lamed,train_630.jpg
vav,train_631.jpg
yud,train_632.jpg
nun_sofit,train_633.jpg
nun,train_634.jpg
yud,train_635.jpg
daleth,train_636.jpg
nun,train_637.jpg
pas,train_638.jpg
yud,train_639.jpg
aleph,train_640.jpg
yud,train_641.jpg
vav,train_642.jpg
tav,train_643.jpg
shin,train_644.jpg
resh,train_645.jpg
yud,train_646.jpg
vav,train_647.jpg
lamed,train_648.jpg
gimel,train_649.jpg
hey,train_650.jpg
shin,train_651.jpg
resh,train_652.jpg
resh,train_653.jpg
aleph,train_654.jpg
vav,train_655.jpg
resh,train_656.jpg
vav,train_657.jpg
aleph,train_658.jpg
vav,train_659.jpg
ayin,train_660.jpg
chaf,train_661.jpg
yud,train_662.jpg
hey,train_663.jpg
lamed,train_664.jpg
lamed,train_665.jpg
tet,train_666.jpg
aleph,train_667.jpg
vav,train_668.jpg
yud,train_669.jpg
hey,train_670.jpg
beth,train_671.jpg
mem,train_672.jpg
beth,train_673.jpg
aleph,train_674.jpg
lamed,train_675.jpg
vav,train_676.jpg
tav,train_677.jpg
samech,train_678.jpg
resh,train_679.jpg
beth,train_680.jpg
yud,train_681.jpg
yud,train_682.jpg
aleph,train_683.jpg
aleph,train_684.jpg
tav,train_685.jpg
aleph,train_686.jpg
shin,train_687.jpg
daleth,train_688.jpg
quf,train_689.jpg
chaf,train_690.jpg
chet,train_691.jpg
yud,train_692.jpg
vav,train_693.jpg
nun,train_694.jpg
vav,train_695.jpg
tet,train_696.jpg
nun,train_697.jpg
daleth,train_698.jpg
daleth,train_699.jpg
vav,train_700.jpg
resh,train_701.jpg
daleth,train_702.jpg
pas,train_703.jpg
aleph,train_704.jpg
hey,train_705.jpg
vav,train_706.jpg
mem,train_707.jpg
yud,train_708.jpg
beth,train_709.jpg
beth,train_710.jpg
beth,train_711.jpg
mem_sofit,train_712.jpg
vav,train_713.jpg
ayin,train_714.jpg
pas,train_715.jpg
yud,train_716.jpg
nun_sofit,train_717.jpg
resh,train_718.jpg
chaf,train_719.jpg
pe,train_720.jpg
chaf,train_721.jpg
ayin,train_722.jpg
pe,train_723.jpg
daleth,train_724.jpg
hey,train_725.jpg
yud,train_726.jpg
vav,train_727.jpg
chet,train_728.jpg
lamed,train_729.jpg
samech,train_730.jpg
beth,train_731.jpg
lamed,train_732.jpg
vav,train_733.jpg
mem,train_734.jpg
hey,train_735.jpg
shin,train_736.jpg
ayin,train_737.jpg
tav,train_738.jpg
ayin,train_739.jpg
aleph,train_740.jpg
nun_sofit,train_741.jpg
nun,train_742.jpg
lamed,train_743.jpg
beth,train_744.jpg
yud,train_745.jpg
resh,train_746.jpg
aleph,train_747.jpg
chet,train_748.jpg
beth,train_749.jpg
aleph,train_750.jpg
shin,train_751.jpg
chet,train_752.jpg
beth,train_753.jpg
pe,train_754.jpg
mem,train_755.jpg
shin,train_756.jpg
hey,train_757.jpg
resh,train_758.jpg
shin,train_759.jpg
beth,train_760.jpg
ayin,train_761.jpg
aleph,train_762.jpg
beth,train_763.jpg
mem,train_764.jpg
daleth,train_765.jpg
gimel,train_766.jpg
zayin,train_767.jpg
hey,train_768.jpg
quf,train_769.jpg
resh,train_770.jpg
samech,train_771.jpg
daleth,train_772.jpg
vav,train_773.jpg
lamed,train_774.jpg
yud,train_775.jpg
lamed,train_776.jpg
nun,train_777.jpg
resh,train_778.jpg
vav,train_779.jpg
chaf,train_780.jpg
hey,train_781.jpg
mem,train_782.jpg
resh,train_783.jpg
pas,train_784.jpg
vav,train_785.jpg
quf,train_786.jpg
yud,train_787.jpg
lamed,train_788.jpg
vav,train_789.jpg
quf,train_790.jpg
vav,train_791.jpg
gimel,train_792.jpg
daleth,train_793.jpg
beth,train_794.jpg
nun,train_795.jpg
beth,train_796.jpg
mem,train_797.jpg
nun_sofit,train_798.jpg
beth,train_799.jpg
vav,train_800.jpg
pas,train_801.jpg
shin,train_802.jpg
tet,train_803.jpg
yud,train_804.jpg
quf,train_805.jpg
mem,train_806.jpg
vav,train_807.jpg
lamed,train_808.jpg
shin,train_809.jpg
ayin,train_810.jpg
chaf,train_811.jpg
daleth,train_812.jpg
vav,train_813.jpg
aleph,train_814.jpg
daleth,train_815.jpg
quf,train_816.jpg
daleth,train_817.jpg
hey,train_818.jpg
vav,train_819.jpg
lamed,train_820.jpg
vav,train_821.jpg
vav,train_822.jpg
vav,train_823.jpg
daleth,train_824.jpg
tav,train_825.jpg
shin,train_826.jpg
vav,train_827.jpg
nun_sofit,train_828.jpg
vav,train_829.jpg
chet,train_830.jpg
aleph,train_831.jpg
mem,train_832.jpg
mem,train_833.jpg
shin,train_834.jpg
shin,train_835.jpg
aleph,train_836.jpg
aleph,train_837.jpg
zayin,train_838.jpg
ayin,train_839.jpg
hey,train_840.jpg
hey,train_841.jpg
nun_sofit,train_842.jpg
aleph,train_843.jpg
samech,train_844.jpg
vav,train_845.jpg
lamed,train_846.jpg
samech,train_847.jpg
hey,train_848.jpg
samech,train_849.jpg
nun_sofit,train_850.jpg
hey,train_851.jpg
daleth,train_852.jpg
resh,train_853.jpg
shin,train_854.jpg
yud,train_855.jpg
vav,train_856.jpg
beth,train_857.jpg
lamed,train_858.jpg
lamed,train_859.jpg
vav,train_860.jpg
aleph,train_861.jpg
nun_sofit,train_862.jpg
aleph,train_863.jpg
aleph,train_864.jpg
mem_sofit,train_865.jpg
hey,train_866.jpg
nun_sofit,train_867.jpg
lamed,train_868.jpg
aleph,train_869.jpg
lamed,train_870.jpg
resh,train_871.jpg
mem,train_872.jpg
vav,train_873.jpg
samech,train_874.jpg
aleph,train_875.jpg
beth,train_876.jpg
resh,train_877.jpg
yud,train_878.jpg
daleth,train_879.jpg
daleth,train_880.jpg
daleth,train_881.jpg
vav,train_882.jpg
aleph,train_883.jpg
yud,train_884.jpg
aleph,train_885.jpg
vav,train_886.jpg
vav,train_887.jpg
zayin,train_888.jpg
daleth,train_889.jpg
vav,train_890.jpg
daleth,train_891.jpg
aleph,train_892.jpg
daleth,train_893.jpg
vav,train_894.jpg
yud,train_895.jpg
chet,train_896.jpg
mem,train_897.jpg
samech,train_898.jpg
aleph,train_899.jpg
nun_sofit,train_900.jpg
mem,train_901.jpg
yud,train_902.jpg
aleph,train_903.jpg
vav,train_904.jpg
beth,train_905.jpg
resh,train_906.jpg
chaf,train_907.jpg
tav,train_908.jpg
vav,train_909.jpg
vav,train_910.jpg
yud,train_911.jpg
vav,train_912.jpg
vav,train_913.jpg
aleph,train_914.jpg
gimel,train_915.jpg
yud,train_916.jpg
ayin,train_917.jpg
beth,train_918.jpg
chet,train_919.jpg
beth,train_920.jpg
nun,train_921.jpg
ayin,train_922.jpg
nun,train_923.jpg
resh,train_924.jpg
pas,train_925.jpg
yud,train_926.jpg
chaf,train_927.jpg
yud,train_928.jpg
daleth,train_929.jpg
nun_sofit,train_930.jpg
beth,train_931.jpg
resh,train_932.jpg
mem,train_933.jpg
yud,train_934.jpg
beth,train_935.jpg
aleph,train_936.jpg
shin,train_937.jpg
beth,train_938.jpg
pas,train_939.jpg
vav,train_940.jpg
tav,train_941.jpg
lamed,train_942.jpg
beth,train_943.jpg
chaf,train_944.jpg
daleth,train_945.jpg
yud,train_946.jpg
hey,train_947.jpg
yud,train_948.jpg
ayin,train_949.jpg
shin,train_950.jpg
ayin,train_951.jpg
yud,train_952.jpg
mem,train_953.jpg
tzadi,train_954.jpg
nun,train_955.jpg
beth,train_956.jpg
pas,train_957.jpg
aleph,train_958.jpg
pe,train_959.jpg
mem_sofit,train_960.jpg
vav,train_961.jpg
zayin,train_962.jpg
vav,train_963.jpg
aleph,train_964.jpg
vav,train_965.jpg
pe_sofit,train_966.jpg
mem,train_967.jpg
lamed,train_968.jpg
beth,train_969.jpg
pe,train_970.jpg
samech,train_971.jpg
tav,train_972.jpg
beth,train_973.jpg
resh,train_974.jpg
pe,train_975.jpg
pas,train_976.jpg
mem,train_977.jpg
mem,train_978.jpg
vav,train_979.jpg
mem,train_980.jpg
chaf,train_982.jpg
beth,train_983.jpg
lamed,train_984.jpg
lamed,train_985.jpg
vav,train_986.jpg
gimel,train_987.jpg
mem,train_988.jpg
tav,train_989.jpg
nun_sofit,train_990.jpg
resh,train_991.jpg
yud,train_992.jpg
yud,train_993.jpg
pe_sofit,train_994.jpg
samech,train_995.jpg
pe,train_996.jpg
vav,train_997.jpg
yud,train_998.jpg
pas,train_999.jpg
nun_sofit,train_1000.jpg
mem,train_1001.jpg
hey,train_1002.jpg
hey,train_1003.jpg
vav,train_1004.jpg
mem,train_1005.jpg
resh,train_1006.jpg
mem,train_1007.jpg
beth,train_1008.jpg
resh,train_1009.jpg
resh,train_1010.jpg
shin,train_1011.jpg
shin,train_1012.jpg
chaf,train_1013.jpg
tzadi,train_1014.jpg
nun_sofit,train_1015.jpg
vav,train_1016.jpg
nun,train_1017.jpg
samech,train_1018.jpg
aleph,train_1019.jpg
tav,train_1020.jpg
tav,train_1021.jpg
nun_sofit,train_1022.jpg
aleph,train_1023.jpg
hey,train_1024.jpg
zayin,train_1025.jpg
tav,train_1026.jpg
chet,train_1027.jpg
vav,train_1028.jpg
mem,train_1029.jpg
vav,train_1030.jpg
vav,train_1031.jpg
samech,train_1032.jpg
hey,train_1033.jpg
resh,train_1034.jpg
pe,train_1035.jpg
aleph,train_1036.jpg
chaf,train_1037.jpg
nun,train_1038.jpg
beth,train_1039.jpg
daleth,train_1040.jpg
yud,train_1041.jpg
resh,train_1042.jpg
vav,train_1043.jpg
vav,train_1044.jpg
chaf,train_1045.jpg
gimel,train_1046.jpg
mem,train_1047.jpg
aleph,train_1048.jpg
yud,train_1049.jpg
yud,train_1050.jpg
vav,train_1051.jpg
ayin,train_1052.jpg
lamed,train_1053.jpg
hey,train_1054.jpg
yud,train_1055.jpg
ayin,train_1056.jpg
yud,train_1057.jpg
nun,train_1058.jpg
yud,train_1059.jpg
hey,train_1060.jpg
daleth,train_1061.jpg
nun,train_1062.jpg
aleph,train_1063.jpg
vav,train_1064.jpg
beth,train_1065.jpg
daleth,train_1066.jpg
vav,train_1067.jpg
mem_sofit,train_1068.jpg
aleph,train_1069.jpg
daleth,train_1070.jpg
lamed,train_1071.jpg
aleph,train_1072.jpg
beth,train_1073.jpg
pas,train_1074.jpg
vav,train_1075.jpg
beth,train_1076.jpg
vav,train_1077.jpg
beth,train_1078.jpg
aleph,train_1079.jpg
zayin,train_1080.jpg
resh,train_1081.jpg
hey,train_1082.jpg
chet,train_1083.jpg
vav,train_1084.jpg
chaf,train_1085.jpg
nun,train_1086.jpg
yud,train_1087.jpg
beth,train_1088.jpg
lamed,train_1089.jpg
tet,train_1090.jpg
beth,train_1091.jpg
nun_sofit,train_1092.jpg
beth,train_1093.jpg
aleph,train_1094.jpg
mem_sofit,train_1095.jpg
zayin,train_1096.jpg
ayin,train_1097.jpg
aleph,train_1098.jpg
shin,train_1099.jpg
shin,train_1100.jpg
beth,train_1101.jpg
yud,train_1102.jpg
resh,train_1103.jpg
aleph,train_1104.jpg
aleph,train_1105.jpg
shin,train_1106.jpg
shin,train_1107.jpg
resh,train_1108.jpg
hey,train_1109.jpg
mem,train_1110.jpg
beth,train_1111.jpg
quf,train_1112.jpg
beth,train_1113.jpg
vav,train_1114.jpg
hey,train_1115.jpg
beth,train_1116.jpg
daleth,train_1117.jpg
mem,train_1118.jpg
tav,train_1119.jpg
tav,train_1120.jpg
chet,train_1121.jpg
shin,train_1122.jpg
zayin,train_1123.jpg
daleth,train_1124.jpg
daleth,train_1125.jpg
daleth,train_1126.jpg
lamed,train_1127.jpg
hey,train_1128.jpg
nun,train_1129.jpg
yud,train_1130.jpg
tav,train_1131.jpg
quf,train_1132.jpg
mem,train_1133.jpg
lamed,train_1134.jpg
shin,train_1135.jpg
mem,train_1136.jpg
ayin,train_1137.jpg
yud,train_1138.jpg
tet,train_1139.jpg
nun,train_1140.jpg
vav,train_1141.jpg
chaf,train_1142.jpg
hey,train_1143.jpg
aleph,train_1144.jpg
aleph,train_1145.jpg
resh,train_1146.jpg
ayin,train_1147.jpg
vav,train_1148.jpg
vav,train_1149.jpg
tzadi,train_1150.jpg
chaf,train_1151.jpg
lamed,train_1152.jpg
pe_sofit,train_1153.jpg
zayin,train_1154.jpg
shin,train_1155.jpg
tav,train_1156.jpg
chaf_sofit,train_1157.jpg
shin,train_1158.jpg
hey,train_1159.jpg
tav,train_1160.jpg
hey,train_1161.jpg
daleth,train_1162.jpg
yud,train_1163.jpg
aleph,train_1164.jpg
chaf,train_1165.jpg
hey,train_1166.jpg
resh,train_1167.jpg
vav,train_1168.jpg
gimel,train_1169.jpg
hey,train_1170.jpg
lamed,train_1171.jpg
yud,train_1172.jpg
ayin,train_1173.jpg
vav,train_1174.jpg
zayin,train_1175.jpg
daleth,train_1176.jpg
lamed,train_1177.jpg
resh,train_1178.jpg
vav,train_1179.jpg
nun,train_1180.jpg
nun,train_1181.jpg
samech,train_1182.jpg
hey,train_1183.jpg
tav,train_1184.jpg
pe_sofit,train_1185.jpg
pas,train_1186.jpg
ayin,train_1187.jpg
vav,train_1188.jpg
samech,train_1189.jpg
shin,train_1190.jpg
ayin,train_1191.jpg
tav,train_1192.jpg
mem,train_1193.jpg
shin,train_1194.jpg
lamed,train_1195.jpg
hey,train_1196.jpg
yud,train_1197.jpg
vav,train_1198.jpg
samech,train_1199.jpg
daleth,train_1200.jpg
daleth,train_1201.jpg
yud,train_1202.jpg
ayin,train_1203.jpg
yud,train_1204.jpg
quf,train_1205.jpg
resh,train_1206.jpg
ayin,train_1207.jpg
chaf,train_1208.jpg
beth,train_1209.jpg
vav,train_1210.jpg
paspas,train_1211.jpg
nun_sofit,train_1212.jpg
daleth,train_1213.jpg
pe,train_1214.jpg
aleph,train_1215.jpg
vav,train_1216.jpg
aleph,train_1217.jpg
hey,train_1218.jpg
yud,train_1219.jpg
resh,train_1220.jpg
aleph,train_1221.jpg
ayin,train_1222.jpg
mem,train_1223.jpg
hey,train_1224.jpg
yud,train_1225.jpg
tav,train_1226.jpg
aleph,train_1227.jpg
chaf_sofit,train_1228.jpg
nun,train_1229.jpg
hey,train_1230.jpg
quf,train_1231.jpg
nun_sofit,train_1232.jpg
mem,train_1233.jpg
hey,train_1234.jpg
aleph,train_1235.jpg
aleph,train_1236.jpg
aleph,train_1237.jpg
yud,train_1238.jpg
vav,train_1239.jpg
yud,train_1240.jpg
vav,train_1241.jpg
chaf_sofit,train_1242.jpg
aleph,train_1243.jpg
mem,train_1244.jpg
aleph,train_1245.jpg
hey,train_1246.jpg
vav,train_1247.jpg
aleph,train_1248.jpg
hey,train_1249.jpg
vav,train_1250.jpg
pas,train_1251.jpg
aleph,train_1252.jpg
beth,train_1253.jpg
lamed,train_1254.jpg
samech,train_1255.jpg
resh,train_1256.jpg
tav,train_1257.jpg
mem,train_1258.jpg
lamed,train_1259.jpg
resh,train_1260.jpg
tav,train_1261.jpg
aleph,train_1262.jpg
aleph,train_1263.jpg
yud,train_1264.jpg
pas,train_1265.jpg
hey,train_1266.jpg
samech,train_1267.jpg
resh,train_1268.jpg
resh,train_1269.jpg
tet,train_1270.jpg
lamed,train_1271.jpg
mem,train_1272.jpg
vav,train_1273.jpg
vav,train_1274.jpg
beth,train_1275.jpg
mem,train_1276.jpg
samech,train_1277.jpg
daleth,train_1278.jpg
gimel,train_1279.jpg
vav,train_1280.jpg
aleph,train_1281.jpg
aleph,train_1282.jpg
tzadi,train_1283.jpg
vav,train_1284.jpg
shin,train_1285.jpg
quf,train_1286.jpg
nun,train_1287.jpg
chaf,train_1288.jpg
beth,train_1289.jpg
daleth,train_1290.jpg
vav,train_1291.jpg
mem,train_1292.jpg
vav,train_1293.jpg
mem,train_1294.jpg
pas,train_1295.jpg
vav,train_1296.jpg
nun,train_1297.jpg
resh,train_1298.jpg
lamed,train_1299.jpg
chaf_sofit,train_1300.jpg
vav,train_1301.jpg
vav,train_1302.jpg
resh,train_1303.jpg
vav,train_1304.jpg
chaf,train_1305.jpg
daleth,train_1306.jpg
vav,train_1307.jpg
quf,train_1308.jpg
samech,train_1309.jpg
pas,train_1310.jpg
lamed,train_1311.jpg
pas,train_1312.jpg
yud,train_1313.jpg
beth,train_1314.jpg
beth,train_1315.jpg
chaf,train_1316.jpg
mem,train_1317.jpg
mem_sofit,train_1318.jpg
tav,train_1319.jpg
tav,train_1320.jpg
beth,train_1321.jpg
yud,train_1322.jpg
mem,train_1323.jpg
shin,train_1324.jpg
yud,train_1325.jpg
mem_sofit,train_1326.jpg
beth,train_1327.jpg
hey,train_1328.jpg
beth,train_1329.jpg
vav,train_1330.jpg
mem,train_1331.jpg
resh,train_1332.jpg
daleth,train_1333.jpg
yud,train_1334.jpg
mem,train_1335.jpg
beth,train_1336.jpg
aleph,train_1337.jpg
hey,train_1338.jpg
vav,train_1339.jpg
pas,train_1340.jpg
nun,train_1341.jpg
shin,train_1342.jpg
gimel,train_1343.jpg
mem,train_1344.jpg
tav,train_1345.jpg
quf,train_1346.jpg
chet,train_1347.jpg
quf,train_1348.jpg
vav,train_1349.jpg
quf,train_1350.jpg
lamed,train_1351.jpg
tav,train_1352.jpg
gimel,train_1353.jpg
chaf,train_1354.jpg
vav,train_1355.jpg
nun,train_1356.jpg
shin,train_1357.jpg
mem,train_1358.jpg
vav,train_1359.jpg
yud,train_1360.jpg
beth,train_1361.jpg
vav,train_1362.jpg
chaf,train_1363.jpg
lamed,train_1364.jpg
